{
    "1": {
        "_id": "1",
        "title": "Handmade tabble",
        "description": "I make hand carved coffee tables, sofa tables, full beds, headboards, and footboards.  Handmade furniture can be completely customized to your specification.",
        "picture": "https://images.squarespace-cdn.com/content/v1/53ea704de4b0b06772806624/1408368717423-EGX670GNXLH0UUZFL4SV/IMG_0248.JPG",
        "price": "990",
        "isCompleted": true,
        "type": "furnitures"
    },
    "2": {
        "_id": "2",
        "title": "Exquisite Hand Carved Tree Trunk Chair",
        "description": "I make hand carved coffee tables, sofa tables, full beds, headboards, and footboards.  Handmade furniture can be completely customized to your specification.",
        "picture": "https://foter.com/photos/280/exquisite-hand-carved-tree-trunk-chair-2.jpg",
        "price": "990",
        "isCompleted": true,
        "type": "furnitures"
    },
    "3": {
        "_id": "3",
        "title": "Making Wooden Spoons",
        "description": "I make hand carved coffee tables, sofa tables, full beds, headboards, and footboards.  Handmade furniture can be completely customized to your specification.",
        "picture": "https://s3.amazonaws.com/finewoodworking.s3.tauntoncloud.com/app/uploads/2015/12/30155544/w252gaDSCF0323mp-thumb-16x9.jpg",
        "price": "300",
        "isCompleted": true,
        "type": "spoons"
    },
    "4": {
        "_id": "4",
        "title": "Spoon to Alaska",
        "description": "I make hand carved coffee tables, sofa tables, full beds, headboards, and footboards.  Handmade furniture can be completely customized to your specification.",
        "picture": "https://cdn.shopify.com/s/files/1/0272/5799/5350/products/image001.jpg?v=1632206882",
        "price": "610",
        "isCompleted": true,
        "type": "spoons"
    },
    "5": {
        "_id": "5",
        "title": "Spoons",
        "description": "3 three empty handmade wooden spoons from different wood and different sizes on a black wooden background Beautiful homemade spoons in a rustic style Wood carving craft",
        "picture": "https://images.squarespace-cdn.com/content/v1/5251e46de4b04b668eb00a33/1588959350954-HFG48WEWOUUPAN4SXU2V/spoons01.jpg?format=1000w",
        "price": "500",
        "isCompleted": true,
        "type": "spoons"
    },
    "6": {
        "_id": "6",
        "title": "Woodworker",
        "description": "Craftsman Henk Verhoeff brings cartoons to life through his amazing woodworking projects. The pieces boast exaggerated silhouettes with giant cracks fashioned in the center of them, and the results look as though they belong in a Disney or Looney Tunes film. Best of all, these pieces are all completely functional. This makes their “damaged beyond repair” construction even more incredible, as it shows that fun and function can go hand-in-hand.",
        "picture": "https://mymodernmet.com/wp/wp-content/uploads/2020/06/amazing-woodworking-project-11.jpg",
        "price": "2990",
        "isCompleted": true,
        "type": "furnitures"
    },
    "0a90601e-21ef-46e7-843b-7f648eae598a": {
        "title": "bowl ",
        "description": "small wooden bowl with wooden baby spoon",
        "picture": "https://cdn.shopify.com/s/files/1/0250/3929/products/5INCH-JATOBABABY.jpg?v=1632156874",
        "price": "32",
        "type": "other",
        "_id": "0a90601e-21ef-46e7-843b-7f648eae598a"
    }
}